,id,name,artist,danceability,energy,key,loudness,mode,speechiness,acousticness,instrumentalness,liveness,valence,tempo,type,uri,track_href,analysis_url,duration_ms,time_signature
0,7uoFMmxln0GPXQ0AcCBXRq,Snowman,Bing Crosby,0.716,0.512,1,-6.257,1,0.0331,0.483,0.0,0.0928,0.326,104.957,audio_features,spotify:track:7uoFMmxln0GPXQ0AcCBXRq,https://api.spotify.com/v1/tracks/7uoFMmxln0GPXQ0AcCBXRq,https://api.spotify.com/v1/audio-analysis/7uoFMmxln0GPXQ0AcCBXRq,165907,3
1,0iV9yfj1knFNOSEiuTHZwl,It's The Most Wonderful Time of the Year,Fiona Apple,0.244,0.274,8,-10.433,1,0.04,0.871,1.18e-05,0.0897,0.164,68.534,audio_features,spotify:track:0iV9yfj1knFNOSEiuTHZwl,https://api.spotify.com/v1/tracks/0iV9yfj1knFNOSEiuTHZwl,https://api.spotify.com/v1/audio-analysis/0iV9yfj1knFNOSEiuTHZwl,243133,4
2,4KV9bM7a1KDc7b7OakFZic,I'll Be Home for Christmas,Nina Nesbitt,0.706,0.383,8,-11.44,1,0.0342,0.758,0.0,0.0608,0.87,86.997,audio_features,spotify:track:4KV9bM7a1KDc7b7OakFZic,https://api.spotify.com/v1/tracks/4KV9bM7a1KDc7b7OakFZic,https://api.spotify.com/v1/audio-analysis/4KV9bM7a1KDc7b7OakFZic,122160,4
3,6yaxdh87KVj82QIYKTP1zt,I Saw Mommy Kissing Santa Claus,Atlantic Holiday,0.423,0.301,7,-12.301,0,0.0391,0.918,0.00263,0.234,0.553,136.791,audio_features,spotify:track:6yaxdh87KVj82QIYKTP1zt,https://api.spotify.com/v1/tracks/6yaxdh87KVj82QIYKTP1zt,https://api.spotify.com/v1/audio-analysis/6yaxdh87KVj82QIYKTP1zt,168107,3
4,1RMDXedcRno6rDBCbNHDJf,Bring Me Love,Ariana Grande,0.594,0.389,10,-7.109,1,0.0517,0.785,0.0,0.0313,0.396,122.331,audio_features,spotify:track:1RMDXedcRno6rDBCbNHDJf,https://api.spotify.com/v1/tracks/1RMDXedcRno6rDBCbNHDJf,https://api.spotify.com/v1/audio-analysis/1RMDXedcRno6rDBCbNHDJf,171093,4
5,7dvkUNutBgT1tw41tpvpUh,Lonely This Christmas,"Earth, Wind & Fire",0.676,0.412,8,-7.97,1,0.0347,0.796,0.0,0.139,0.47,124.891,audio_features,spotify:track:7dvkUNutBgT1tw41tpvpUh,https://api.spotify.com/v1/tracks/7dvkUNutBgT1tw41tpvpUh,https://api.spotify.com/v1/audio-analysis/7dvkUNutBgT1tw41tpvpUh,157600,4
6,1mH6tZC6iXIHPI6EixCwxw,This Christmas,Jessie J,0.383,0.914,9,-6.43,1,0.0515,0.00422,1.4e-05,0.444,0.528,139.955,audio_features,spotify:track:1mH6tZC6iXIHPI6EixCwxw,https://api.spotify.com/v1/tracks/1mH6tZC6iXIHPI6EixCwxw,https://api.spotify.com/v1/audio-analysis/1mH6tZC6iXIHPI6EixCwxw,278947,4
7,0bYg9bo50gSsH3LtXe2SQn,Christmas Time,Mitchell Ayres & His Orchestra,0.336,0.627,7,-7.463,1,0.0384,0.164,0.0,0.0708,0.35,150.273,audio_features,spotify:track:0bYg9bo50gSsH3LtXe2SQn,https://api.spotify.com/v1/tracks/0bYg9bo50gSsH3LtXe2SQn,https://api.spotify.com/v1/audio-analysis/0bYg9bo50gSsH3LtXe2SQn,241107,4
8,2eLPefNqdtcTN1pCEqlrWr,"Let It Snow, Let It Snow, Let It Snow",Ken Darby Singers,0.216,0.428,4,-7.742,1,0.0362,0.0432,0.0,0.102,0.168,128.298,audio_features,spotify:track:2eLPefNqdtcTN1pCEqlrWr,https://api.spotify.com/v1/tracks/2eLPefNqdtcTN1pCEqlrWr,https://api.spotify.com/v1/audio-analysis/2eLPefNqdtcTN1pCEqlrWr,265400,4
9,3QiAAp20rPC3dcAtKtMaqQ,O Holy Night,Tori Kelly,0.465,0.27,4,-16.661,1,0.0425,0.9,0.00104,0.145,0.58,94.518,audio_features,spotify:track:3QiAAp20rPC3dcAtKtMaqQ,https://api.spotify.com/v1/tracks/3QiAAp20rPC3dcAtKtMaqQ,https://api.spotify.com/v1/audio-analysis/3QiAAp20rPC3dcAtKtMaqQ,129173,4
10,5xDrO9DEDJGUQGfyoHvgDJ,Santa Claus Is Coming To Town,The Pogues,0.504,0.8,2,-2.763,1,0.0391,0.125,0.0,0.109,0.789,205.945,audio_features,spotify:track:5xDrO9DEDJGUQGfyoHvgDJ,https://api.spotify.com/v1/tracks/5xDrO9DEDJGUQGfyoHvgDJ,https://api.spotify.com/v1/audio-analysis/5xDrO9DEDJGUQGfyoHvgDJ,203653,4
11,7n7VsX3sv66znBwA8b5uhp,Little Drummer Boy,Kirsty MacColl,0.575,0.236,2,-16.982,1,0.0422,0.968,0.0178,0.105,0.829,79.576,audio_features,spotify:track:7n7VsX3sv66znBwA8b5uhp,https://api.spotify.com/v1/tracks/7n7VsX3sv66znBwA8b5uhp,https://api.spotify.com/v1/audio-analysis/7n7VsX3sv66znBwA8b5uhp,115827,4
12,02FaKXXL7KUtRc7K0k54tL,Grown-Up Christmas List,Alessia Cara,0.774,0.608,7,-6.264,1,0.128,0.128,0.0,0.0895,0.56,137.494,audio_features,spotify:track:02FaKXXL7KUtRc7K0k54tL,https://api.spotify.com/v1/tracks/02FaKXXL7KUtRc7K0k54tL,https://api.spotify.com/v1/audio-analysis/02FaKXXL7KUtRc7K0k54tL,182521,4
13,0fwxmtpxpMmEMphmJbCAEx,Let It Snow (with Babyface),Hannah Kerr,0.341,0.181,2,-12.073,0,0.0366,0.888,0.0,0.137,0.212,83.608,audio_features,spotify:track:0fwxmtpxpMmEMphmJbCAEx,https://api.spotify.com/v1/tracks/0fwxmtpxpMmEMphmJbCAEx,https://api.spotify.com/v1/audio-analysis/0fwxmtpxpMmEMphmJbCAEx,196254,4
14,0viGbbEJ9xV6qNJsTaXruz,Santa's Coming for Us,Shawn Mendes,0.359,0.497,0,-6.244,1,0.0288,0.637,0.0,0.105,0.169,99.186,audio_features,spotify:track:0viGbbEJ9xV6qNJsTaXruz,https://api.spotify.com/v1/tracks/0viGbbEJ9xV6qNJsTaXruz,https://api.spotify.com/v1/audio-analysis/0viGbbEJ9xV6qNJsTaXruz,206067,3
15,1moEucbMhmAK6KVPoNw6ms,Happy Xmas (War Is Over),Ava Max,0.369,0.3,0,-11.994,1,0.0317,0.921,0.000718,0.168,0.24,75.745,audio_features,spotify:track:1moEucbMhmAK6KVPoNw6ms,https://api.spotify.com/v1/tracks/1moEucbMhmAK6KVPoNw6ms,https://api.spotify.com/v1/audio-analysis/1moEucbMhmAK6KVPoNw6ms,210907,3
16,10HDoLPz2bucGBkoNEjDHW,Glittery - From The Kacey Musgraves Christmas Show,John Lennon,0.54,0.928,2,-6.252,1,0.0337,0.0887,1.11e-05,0.314,0.796,140.419,audio_features,spotify:track:10HDoLPz2bucGBkoNEjDHW,https://api.spotify.com/v1/tracks/10HDoLPz2bucGBkoNEjDHW,https://api.spotify.com/v1/audio-analysis/10HDoLPz2bucGBkoNEjDHW,272333,4
17,4so0Wek9Ig1p6CRCHuINwW,Joy To The World,Blake Shelton,0.317,0.158,9,-16.485,1,0.0381,0.673,0.353,0.338,0.247,130.503,audio_features,spotify:track:4so0Wek9Ig1p6CRCHuINwW,https://api.spotify.com/v1/tracks/4so0Wek9Ig1p6CRCHuINwW,https://api.spotify.com/v1/audio-analysis/4so0Wek9Ig1p6CRCHuINwW,177480,3
18,2wCPMWR3y4xclijuCcLJv7,"Baby, It's Cold Outside - Remastered 2004",Dixie,0.709,0.506,2,-5.628,1,0.0377,0.844,0.0,0.062,0.682,119.345,audio_features,spotify:track:2wCPMWR3y4xclijuCcLJv7,https://api.spotify.com/v1/tracks/2wCPMWR3y4xclijuCcLJv7,https://api.spotify.com/v1/audio-analysis/2wCPMWR3y4xclijuCcLJv7,131547,4
19,5a1iz510sv2W9Dt1MvFd5R,It's Beginning to Look a Lot Like Christmas (with Mitchell Ayres & His Orchestra),Elton John,0.339,0.214,4,-11.714,1,0.0375,0.908,7.47e-06,0.341,0.363,94.775,audio_features,spotify:track:5a1iz510sv2W9Dt1MvFd5R,https://api.spotify.com/v1/tracks/5a1iz510sv2W9Dt1MvFd5R,https://api.spotify.com/v1/audio-analysis/5a1iz510sv2W9Dt1MvFd5R,206640,3
20,2zs2Ck470VmBFTwUp4NFdv,It's Beginning To Look A Lot Like Christmas,Jennifer Lopez,0.598,0.447,8,-7.932,1,0.0404,0.224,0.0,0.0704,0.365,123.855,audio_features,spotify:track:2zs2Ck470VmBFTwUp4NFdv,https://api.spotify.com/v1/tracks/2zs2Ck470VmBFTwUp4NFdv,https://api.spotify.com/v1/audio-analysis/2zs2Ck470VmBFTwUp4NFdv,194707,4
21,5jjsm4Jjq8xjDaue3rW9Go,Mistletoe,Burl Ives,0.581,0.312,11,-12.938,1,0.0329,0.896,0.0,0.166,0.536,102.107,audio_features,spotify:track:5jjsm4Jjq8xjDaue3rW9Go,https://api.spotify.com/v1/tracks/5jjsm4Jjq8xjDaue3rW9Go,https://api.spotify.com/v1/audio-analysis/5jjsm4Jjq8xjDaue3rW9Go,85227,4
22,7F9oCEKbqjN99cV5HpvYER,A Holly Jolly Christmas,B. Swanson Quartet,0.586,0.32,0,-12.788,1,0.0289,0.637,0.00202,0.128,0.437,115.808,audio_features,spotify:track:7F9oCEKbqjN99cV5HpvYER,https://api.spotify.com/v1/tracks/7F9oCEKbqjN99cV5HpvYER,https://api.spotify.com/v1/audio-analysis/7F9oCEKbqjN99cV5HpvYER,192459,4
23,7uMwRRjTbAnpamA9cc842p,"Cuddle Up, Cozy Down Christmas",The Harlem Community Choir,0.603,0.231,9,-10.135,1,0.0299,0.934,4.53e-05,0.112,0.409,103.986,audio_features,spotify:track:7uMwRRjTbAnpamA9cc842p,https://api.spotify.com/v1/tracks/7uMwRRjTbAnpamA9cc842p,https://api.spotify.com/v1/audio-analysis/7uMwRRjTbAnpamA9cc842p,142356,3
24,1h9QQ7e222OSr93MRiMqGZ,The Christmas Song (Merry Christmas To You),Gwen Stefani,0.327,0.223,7,-8.975,0,0.0336,0.932,0.0,0.192,0.172,109.568,audio_features,spotify:track:1h9QQ7e222OSr93MRiMqGZ,https://api.spotify.com/v1/tracks/1h9QQ7e222OSr93MRiMqGZ,https://api.spotify.com/v1/audio-analysis/1h9QQ7e222OSr93MRiMqGZ,211453,4
25,18g50kFt5uwVeCzQbrCvAO,Wrapped in Red,The Ronettes,0.622,0.688,4,-3.504,0,0.0845,0.52,0.0,0.375,0.766,140.561,audio_features,spotify:track:18g50kFt5uwVeCzQbrCvAO,https://api.spotify.com/v1/tracks/18g50kFt5uwVeCzQbrCvAO,https://api.spotify.com/v1/audio-analysis/18g50kFt5uwVeCzQbrCvAO,161973,4
26,4M3K1gnHJnE3cIrAcKZQr3,Underneath the Tree,AJ Mitchell,0.343,0.6,3,-5.254,1,0.0302,0.451,0.0,0.279,0.158,172.044,audio_features,spotify:track:4M3K1gnHJnE3cIrAcKZQr3,https://api.spotify.com/v1/tracks/4M3K1gnHJnE3cIrAcKZQr3,https://api.spotify.com/v1/audio-analysis/4M3K1gnHJnE3cIrAcKZQr3,254707,4
27,3VTNVsTTu05dmTsVFrmGpK,Frosty the Snowman,The Fontane Sisters,0.271,0.551,2,-7.48,1,0.0457,0.582,4.16e-05,0.256,0.428,78.111,audio_features,spotify:track:3VTNVsTTu05dmTsVFrmGpK,https://api.spotify.com/v1/tracks/3VTNVsTTu05dmTsVFrmGpK,https://api.spotify.com/v1/audio-analysis/3VTNVsTTu05dmTsVFrmGpK,272467,4
28,3jKGG4THqegu6EgxinAIYm,Rockin' Around The Christmas Tree,Coldplay,0.582,0.151,9,-12.217,1,0.0411,0.862,0.0,0.0801,0.282,109.626,audio_features,spotify:track:3jKGG4THqegu6EgxinAIYm,https://api.spotify.com/v1/tracks/3jKGG4THqegu6EgxinAIYm,https://api.spotify.com/v1/audio-analysis/3jKGG4THqegu6EgxinAIYm,137138,4
29,4ricyQVd20UQde1jpXCSuJ,Sleigh Ride,Jonas Brothers,0.452,0.366,0,-14.152,0,0.0415,0.833,0.0,0.0789,0.629,114.993,audio_features,spotify:track:4ricyQVd20UQde1jpXCSuJ,https://api.spotify.com/v1/tracks/4ricyQVd20UQde1jpXCSuJ,https://api.spotify.com/v1/audio-analysis/4ricyQVd20UQde1jpXCSuJ,133867,4
30,5SyQ5OhqrkJGb35V7RBoL0,All I Want (For Christmas),The Plastic Ono Band,0.65,0.934,5,-4.209,1,0.0474,0.116,0.0,0.867,0.737,105.001,audio_features,spotify:track:5SyQ5OhqrkJGb35V7RBoL0,https://api.spotify.com/v1/tracks/5SyQ5OhqrkJGb35V7RBoL0,https://api.spotify.com/v1/audio-analysis/5SyQ5OhqrkJGb35V7RBoL0,252200,4
31,2QpN1ZVw8eJO5f7WcvUA1k,My Kind Of Present,Pretenders,0.692,0.762,0,-4.867,1,0.0342,0.424,1.27e-05,0.181,0.961,146.673,audio_features,spotify:track:2QpN1ZVw8eJO5f7WcvUA1k,https://api.spotify.com/v1/tracks/2QpN1ZVw8eJO5f7WcvUA1k,https://api.spotify.com/v1/audio-analysis/2QpN1ZVw8eJO5f7WcvUA1k,144013,4
32,3nAp4IvdMPPWEH9uuXFFV5,"Oh Holy Night - Recorded at Metropolis Studios, London",Frank Sinatra,0.509,0.812,8,-5.438,1,0.0537,0.0013,1.99e-05,0.214,0.689,159.876,audio_features,spotify:track:3nAp4IvdMPPWEH9uuXFFV5,https://api.spotify.com/v1/tracks/3nAp4IvdMPPWEH9uuXFFV5,https://api.spotify.com/v1/audio-analysis/3nAp4IvdMPPWEH9uuXFFV5,229640,4
33,2L9QLAhrvtP4EYg1lY0Tnw,Jingle Bells,Becky G,0.478,0.201,7,-16.768,1,0.0332,0.919,0.0,0.0854,0.857,136.471,audio_features,spotify:track:2L9QLAhrvtP4EYg1lY0Tnw,https://api.spotify.com/v1/tracks/2L9QLAhrvtP4EYg1lY0Tnw,https://api.spotify.com/v1/audio-analysis/2L9QLAhrvtP4EYg1lY0Tnw,135760,4
34,5hslUAKq9I9CG2bAulFkHN,Feliz Navidad,James TW,0.24,0.598,7,-8.435,1,0.0369,0.766,0.0,0.117,0.776,201.629,audio_features,spotify:track:5hslUAKq9I9CG2bAulFkHN,https://api.spotify.com/v1/tracks/5hslUAKq9I9CG2bAulFkHN,https://api.spotify.com/v1/audio-analysis/5hslUAKq9I9CG2bAulFkHN,151933,3
35,4uQqahi1iUP35xE2qGdKdo,Happy Xmas (War Is Over) - Remastered 2010,for KING & COUNTRY,0.499,0.304,0,-11.541,1,0.0633,0.81,0.0,0.0546,0.521,129.301,audio_features,spotify:track:4uQqahi1iUP35xE2qGdKdo,https://api.spotify.com/v1/tracks/4uQqahi1iUP35xE2qGdKdo,https://api.spotify.com/v1/audio-analysis/4uQqahi1iUP35xE2qGdKdo,143027,4
36,2pXpURmn6zC5ZYDMms6fwa,Santa Baby - Bonus,Kacey Musgraves,0.724,0.276,7,-12.25,1,0.0599,0.76,0.0,0.116,0.718,112.874,audio_features,spotify:track:2pXpURmn6zC5ZYDMms6fwa,https://api.spotify.com/v1/tracks/2pXpURmn6zC5ZYDMms6fwa,https://api.spotify.com/v1/audio-analysis/2pXpURmn6zC5ZYDMms6fwa,155933,4
37,0PhwkzKlhXvSbStP34MbGv,Blue Christmas,José Feliciano,0.566,0.395,3,-9.192,1,0.0338,0.725,0.0,0.111,0.556,87.03,audio_features,spotify:track:0PhwkzKlhXvSbStP34MbGv,https://api.spotify.com/v1/tracks/0PhwkzKlhXvSbStP34MbGv,https://api.spotify.com/v1/audio-analysis/0PhwkzKlhXvSbStP34MbGv,212973,4
38,5DHfUmmnlFJPqa9MnKe0EX,Christmas Tree Farm,John Scott Trotter & His Orchestra,0.341,0.761,8,-7.116,1,0.0507,0.39,0.000416,0.0892,0.348,126.312,audio_features,spotify:track:5DHfUmmnlFJPqa9MnKe0EX,https://api.spotify.com/v1/tracks/5DHfUmmnlFJPqa9MnKe0EX,https://api.spotify.com/v1/audio-analysis/5DHfUmmnlFJPqa9MnKe0EX,166453,4
39,1eh5mDCjo7XbDNY5tYiNVU,Shake up Christmas,Elvis Presley,0.574,0.519,7,-10.771,1,0.0252,0.163,0.0,0.0407,0.414,144.012,audio_features,spotify:track:1eh5mDCjo7XbDNY5tYiNVU,https://api.spotify.com/v1/tracks/1eh5mDCjo7XbDNY5tYiNVU,https://api.spotify.com/v1/audio-analysis/1eh5mDCjo7XbDNY5tYiNVU,255173,4
40,0YWUHZPJVg4iujddsJDwhM,Please Come Home for Christmas - 2013 Remaster,Wizzard,0.669,0.843,0,-3.766,1,0.0268,0.169,0.0,0.195,0.702,147.08,audio_features,spotify:track:0YWUHZPJVg4iujddsJDwhM,https://api.spotify.com/v1/tracks/0YWUHZPJVg4iujddsJDwhM,https://api.spotify.com/v1/audio-analysis/0YWUHZPJVg4iujddsJDwhM,255400,4
41,78pn8k7RogKo2oxl0DyX6d,Wonderful Christmastime (Edited Version) [Remastered],Jordan Smith,0.638,0.813,11,-3.849,1,0.0362,0.464,0.0,0.344,0.754,112.986,audio_features,spotify:track:78pn8k7RogKo2oxl0DyX6d,https://api.spotify.com/v1/tracks/78pn8k7RogKo2oxl0DyX6d,https://api.spotify.com/v1/audio-analysis/78pn8k7RogKo2oxl0DyX6d,239587,4
42,7inXu0Eaeg02VsM8kHNvzM,Step Into Christmas,Andy Williams,0.603,0.321,2,-11.489,1,0.0599,0.881,0.0,0.34,0.844,143.104,audio_features,spotify:track:7inXu0Eaeg02VsM8kHNvzM,https://api.spotify.com/v1/tracks/7inXu0Eaeg02VsM8kHNvzM,https://api.spotify.com/v1/audio-analysis/7inXu0Eaeg02VsM8kHNvzM,155600,4
43,0YupMLYOYz6lZDbN3kRt7A,2000 Miles - 2007 Remaster,Michael Bublé,0.557,0.366,2,-7.744,1,0.0255,0.271,9.16e-06,0.104,0.304,84.829,audio_features,spotify:track:0YupMLYOYz6lZDbN3kRt7A,https://api.spotify.com/v1/tracks/0YupMLYOYz6lZDbN3kRt7A,https://api.spotify.com/v1/audio-analysis/0YupMLYOYz6lZDbN3kRt7A,219720,4
44,5cXne3fQ8Q2vbSMwGjunM8,Cozy Little Christmas,Yoko Ono,0.475,0.364,7,-9.621,1,0.0334,0.812,0.0,0.2,0.538,124.614,audio_features,spotify:track:5cXne3fQ8Q2vbSMwGjunM8,https://api.spotify.com/v1/tracks/5cXne3fQ8Q2vbSMwGjunM8,https://api.spotify.com/v1/audio-analysis/5cXne3fQ8Q2vbSMwGjunM8,216468,3
45,60fWsdGYfKDNkNitrk1DIW,Santa Claus Is Coming to Town,Brenda Lee,0.495,0.75,6,-4.573,0,0.0666,0.0976,0.0,0.0847,0.507,158.124,audio_features,spotify:track:60fWsdGYfKDNkNitrk1DIW,https://api.spotify.com/v1/tracks/60fWsdGYfKDNkNitrk1DIW,https://api.spotify.com/v1/audio-analysis/60fWsdGYfKDNkNitrk1DIW,229160,4
46,6oIpL9XkEhyo0bDrCagQQY,Holly Jolly Christmas,Pentatonix,0.494,0.884,10,-2.962,1,0.0839,0.577,0.0,0.372,0.668,144.072,audio_features,spotify:track:6oIpL9XkEhyo0bDrCagQQY,https://api.spotify.com/v1/tracks/6oIpL9XkEhyo0bDrCagQQY,https://api.spotify.com/v1/audio-analysis/6oIpL9XkEhyo0bDrCagQQY,212103,4
47,3BhlC2eX8obANfmLEwo1ia,Blame It On The Mistletoe,Dean Martin,0.414,0.664,1,-5.664,1,0.0415,0.227,0.0,0.271,0.526,137.095,audio_features,spotify:track:3BhlC2eX8obANfmLEwo1ia,https://api.spotify.com/v1/tracks/3BhlC2eX8obANfmLEwo1ia,https://api.spotify.com/v1/audio-analysis/3BhlC2eX8obANfmLEwo1ia,118395,4
48,1deT8vP3lOVU3XFAKHsSc3,Amazing Grace (My Chains Are Gone),Troye Sivan,0.658,0.515,1,-7.283,1,0.0368,0.678,0.0,0.154,0.652,110.089,audio_features,spotify:track:1deT8vP3lOVU3XFAKHsSc3,https://api.spotify.com/v1/tracks/1deT8vP3lOVU3XFAKHsSc3,https://api.spotify.com/v1/audio-analysis/1deT8vP3lOVU3XFAKHsSc3,219169,4
49,2mvabkN1i2gLnGAPUVdwek,Rudolph The Red-Nosed Reindeer,Nat King Cole,0.598,0.68,7,-4.505,1,0.0331,0.06,0.0,0.324,0.437,134.002,audio_features,spotify:track:2mvabkN1i2gLnGAPUVdwek,https://api.spotify.com/v1/tracks/2mvabkN1i2gLnGAPUVdwek,https://api.spotify.com/v1/audio-analysis/2mvabkN1i2gLnGAPUVdwek,228027,4
50,38xhBO2AKrJnjdjVnhJES6,Do You Hear What I Hear? - Remastered 2006,Justin Bieber,0.634,0.645,5,-9.2,1,0.0376,0.292,0.0,0.246,0.677,93.047,audio_features,spotify:track:38xhBO2AKrJnjdjVnhJES6,https://api.spotify.com/v1/tracks/38xhBO2AKrJnjdjVnhJES6,https://api.spotify.com/v1/audio-analysis/38xhBO2AKrJnjdjVnhJES6,231173,4
51,3Z3QhZAZpqwZa1phsbQ3JZ,Santa Baby,Brett Eldredge,0.497,0.661,9,-9.047,1,0.0361,0.328,0.000317,0.211,0.894,180.225,audio_features,spotify:track:3Z3QhZAZpqwZa1phsbQ3JZ,https://api.spotify.com/v1/tracks/3Z3QhZAZpqwZa1phsbQ3JZ,https://api.spotify.com/v1/audio-analysis/3Z3QhZAZpqwZa1phsbQ3JZ,240213,4
52,6MtecozqUbilB5qbVARrUH,It's the Most Wonderful Time of the Year,Perry Como,0.564,0.563,2,-7.976,1,0.0259,0.00379,0.0358,0.0763,0.113,104.031,audio_features,spotify:track:6MtecozqUbilB5qbVARrUH,https://api.spotify.com/v1/tracks/6MtecozqUbilB5qbVARrUH,https://api.spotify.com/v1/audio-analysis/6MtecozqUbilB5qbVARrUH,288046,4
53,0Ie5uiv54KgCr7P4sYDTHl,It's Beginning to Look a Lot like Christmas,Britney Spears,0.553,0.476,0,-8.869,1,0.0649,0.647,0.0,0.281,0.558,113.401,audio_features,spotify:track:0Ie5uiv54KgCr7P4sYDTHl,https://api.spotify.com/v1/tracks/0Ie5uiv54KgCr7P4sYDTHl,https://api.spotify.com/v1/audio-analysis/0Ie5uiv54KgCr7P4sYDTHl,166147,3
54,110lWlsa8fJXgrrwGgg0f1,Baby It's Cold Outside (duet with Michael Bublé),THE ELEVEN,0.68,0.593,5,-5.036,0,0.0281,0.0198,0.0,0.145,0.482,114.917,audio_features,spotify:track:110lWlsa8fJXgrrwGgg0f1,https://api.spotify.com/v1/tracks/110lWlsa8fJXgrrwGgg0f1,https://api.spotify.com/v1/audio-analysis/110lWlsa8fJXgrrwGgg0f1,185739,4
55,5DMItYJluCFc7YtFdP4aXo,Have Yourself A Merry Little Christmas,George Ezra,0.551,0.325,0,-13.507,1,0.0286,0.81,0.000112,0.115,0.496,98.932,audio_features,spotify:track:5DMItYJluCFc7YtFdP4aXo,https://api.spotify.com/v1/tracks/5DMItYJluCFc7YtFdP4aXo,https://api.spotify.com/v1/audio-analysis/5DMItYJluCFc7YtFdP4aXo,213160,3
56,5DoGwwQAlYumpSSlDNMOwY,Rockin' Around The Christmas Tree - Single Version,Queen,0.475,0.068,0,-20.032,1,0.0319,0.893,0.00216,0.105,0.266,95.165,audio_features,spotify:track:5DoGwwQAlYumpSSlDNMOwY,https://api.spotify.com/v1/tracks/5DoGwwQAlYumpSSlDNMOwY,https://api.spotify.com/v1/audio-analysis/5DoGwwQAlYumpSSlDNMOwY,192421,3
57,3PIDciSFdrQxSQSihim3hN,All I Want for Christmas Is You,Josh Groban,0.561,0.782,3,-7.444,1,0.0317,0.022,0.0,0.109,0.704,127.148,audio_features,spotify:track:3PIDciSFdrQxSQSihim3hN,https://api.spotify.com/v1/tracks/3PIDciSFdrQxSQSihim3hN,https://api.spotify.com/v1/audio-analysis/3PIDciSFdrQxSQSihim3hN,153240,4
58,7Hz6LLOVxrojLPIHJJ1S0E,Let It Snow! Let It Snow! Let It Snow! (with The B. Swanson Quartet),Taylor Swift,0.426,0.177,5,-9.429,1,0.0436,0.954,0.0,0.317,0.317,133.483,audio_features,spotify:track:7Hz6LLOVxrojLPIHJJ1S0E,https://api.spotify.com/v1/tracks/7Hz6LLOVxrojLPIHJJ1S0E,https://api.spotify.com/v1/audio-analysis/7Hz6LLOVxrojLPIHJJ1S0E,170964,1
59,2rkb8ijsPapKDMEh0cSe8I,Christmas Time Is Here - Recorded at Sound Emporium Nashville,Dan + Shay,0.485,0.444,1,-6.232,1,0.195,0.373,2.5e-06,0.0969,0.777,179.967,audio_features,spotify:track:2rkb8ijsPapKDMEh0cSe8I,https://api.spotify.com/v1/tracks/2rkb8ijsPapKDMEh0cSe8I,https://api.spotify.com/v1/audio-analysis/2rkb8ijsPapKDMEh0cSe8I,161013,3
60,1XBc4r6ltXjkFJBrsttwIF,"Santa Claus Is Comin' to Town - Live at C.W. Post College, Greenvale, NY - December 1975",Mariah Carey,0.691,0.402,8,-12.149,1,0.0599,0.703,0.0,0.463,0.844,139.752,audio_features,spotify:track:1XBc4r6ltXjkFJBrsttwIF,https://api.spotify.com/v1/tracks/1XBc4r6ltXjkFJBrsttwIF,https://api.spotify.com/v1/audio-analysis/1XBc4r6ltXjkFJBrsttwIF,125827,4
61,4hrQGaFalrGJfcsILMxjuc,The Christmas Song (Chestnuts Roasting On An Open Fire),Sia,0.54,0.235,9,-9.676,1,0.0458,0.905,0.0,0.15,0.415,119.766,audio_features,spotify:track:4hrQGaFalrGJfcsILMxjuc,https://api.spotify.com/v1/tracks/4hrQGaFalrGJfcsILMxjuc,https://api.spotify.com/v1/audio-analysis/4hrQGaFalrGJfcsILMxjuc,218267,4
62,0JoLc8rgQBJhDMolSCuRuw,Last Christmas,Liz Gillies,0.706,0.633,2,-9.715,1,0.0303,0.674,0.0,0.155,0.823,128.88,audio_features,spotify:track:0JoLc8rgQBJhDMolSCuRuw,https://api.spotify.com/v1/tracks/0JoLc8rgQBJhDMolSCuRuw,https://api.spotify.com/v1/audio-analysis/0JoLc8rgQBJhDMolSCuRuw,123640,4
63,6C81GGUCNbEmR8gMIi0CpH,It's Not Christmas 'Til You Come Home - Recorded At Spotify Studios NYC,Sam Smith,0.515,0.876,0,-4.286,1,0.0603,0.0123,0.0,0.124,0.917,185.967,audio_features,spotify:track:6C81GGUCNbEmR8gMIi0CpH,https://api.spotify.com/v1/tracks/6C81GGUCNbEmR8gMIi0CpH,https://api.spotify.com/v1/audio-analysis/6C81GGUCNbEmR8gMIi0CpH,156773,4
64,4Z0l8dIngsalL0QdCun5CE,Take Me Home For Christmas,Mud,0.251,0.445,9,-9.564,0,0.0421,0.48,0.0,0.103,0.201,206.454,audio_features,spotify:track:4Z0l8dIngsalL0QdCun5CE,https://api.spotify.com/v1/tracks/4Z0l8dIngsalL0QdCun5CE,https://api.spotify.com/v1/audio-analysis/4Z0l8dIngsalL0QdCun5CE,215160,3
65,5PuKlCjfEVIXl0ZBp5ZW9g,My Only Wish (This Year),Tony Bennett,0.647,0.465,7,-8.308,1,0.0428,0.865,0.0,0.0882,0.699,151.251,audio_features,spotify:track:5PuKlCjfEVIXl0ZBp5ZW9g,https://api.spotify.com/v1/tracks/5PuKlCjfEVIXl0ZBp5ZW9g,https://api.spotify.com/v1/audio-analysis/5PuKlCjfEVIXl0ZBp5ZW9g,119787,4
66,4dFtIGQBrYjiskk7fN5Wmx,Under The Mistletoe,Bruce Springsteen,0.509,0.307,1,-9.616,0,0.0307,0.874,0.0,0.701,0.392,85.471,audio_features,spotify:track:4dFtIGQBrYjiskk7fN5Wmx,https://api.spotify.com/v1/tracks/4dFtIGQBrYjiskk7fN5Wmx,https://api.spotify.com/v1/audio-analysis/4dFtIGQBrYjiskk7fN5Wmx,143467,4
67,72HP2M4jjw4t0AIGdEVGEF,Christmas Love,Liam Payne,0.694,0.769,6,-4.665,1,0.0325,0.163,0.0,0.0976,0.663,93.033,audio_features,spotify:track:72HP2M4jjw4t0AIGdEVGEF,https://api.spotify.com/v1/tracks/72HP2M4jjw4t0AIGdEVGEF,https://api.spotify.com/v1/audio-analysis/72HP2M4jjw4t0AIGdEVGEF,203880,4
68,32OWobmyAz8J2qA8iWekyS,White Christmas,Devin Dawson,0.666,0.543,6,-9.188,0,0.0446,0.511,0.0,0.0911,0.881,161.947,audio_features,spotify:track:32OWobmyAz8J2qA8iWekyS,https://api.spotify.com/v1/tracks/32OWobmyAz8J2qA8iWekyS,https://api.spotify.com/v1/audio-analysis/32OWobmyAz8J2qA8iWekyS,182947,4
69,0cM5URUqqQTpJWonmdzF1J,The First Noël (with Faith Hill),Idina Menzel,0.685,0.391,1,-7.183,1,0.0435,0.744,0.0,0.142,0.443,87.101,audio_features,spotify:track:0cM5URUqqQTpJWonmdzF1J,https://api.spotify.com/v1/tracks/0cM5URUqqQTpJWonmdzF1J,https://api.spotify.com/v1/audio-analysis/0cM5URUqqQTpJWonmdzF1J,202547,4
70,1QLZKzC2pjP4ySf4ALrNhm,It's Christmas,John Legend,0.654,0.596,1,-4.68,1,0.0458,0.424,0.0,0.11,0.382,118.078,audio_features,spotify:track:1QLZKzC2pjP4ySf4ALrNhm,https://api.spotify.com/v1/tracks/1QLZKzC2pjP4ySf4ALrNhm,https://api.spotify.com/v1/audio-analysis/1QLZKzC2pjP4ySf4ALrNhm,169245,4
71,0QtJZpyfZF67QF32p41NXa,Thank God It's Christmas,Chris Rea,0.573,0.475,7,-8.11,1,0.0258,0.072,0.0,0.358,0.324,107.759,audio_features,spotify:track:0QtJZpyfZF67QF32p41NXa,https://api.spotify.com/v1/tracks/0QtJZpyfZF67QF32p41NXa,https://api.spotify.com/v1/audio-analysis/0QtJZpyfZF67QF32p41NXa,259227,3
72,23lpJkE7jJ4BVQhc3lj0VM,Christmas C’mon,Meghan Trainor,0.541,0.909,9,-3.101,1,0.0358,0.128,0.0,0.128,0.962,203.862,audio_features,spotify:track:23lpJkE7jJ4BVQhc3lj0VM,https://api.spotify.com/v1/tracks/23lpJkE7jJ4BVQhc3lj0VM,https://api.spotify.com/v1/audio-analysis/23lpJkE7jJ4BVQhc3lj0VM,220160,4
73,6Lv9ozIdb06duB01e6ZpNQ,"White Christmas - Spotify Singles - Holiday, Recorded at Air Studios, London",Dolly Parton,0.338,0.496,4,-7.212,1,0.0285,0.327,5.48e-06,0.161,0.188,173.98,audio_features,spotify:track:6Lv9ozIdb06duB01e6ZpNQ,https://api.spotify.com/v1/tracks/6Lv9ozIdb06duB01e6ZpNQ,https://api.spotify.com/v1/audio-analysis/6Lv9ozIdb06duB01e6ZpNQ,267227,3
74,2WUVQQAsWvScEdBVilRYaR,I'll Be Home,Ella Henderson,0.394,0.17,0,-10.368,1,0.0451,0.889,0.0,0.105,0.315,130.721,audio_features,spotify:track:2WUVQQAsWvScEdBVilRYaR,https://api.spotify.com/v1/tracks/2WUVQQAsWvScEdBVilRYaR,https://api.spotify.com/v1/audio-analysis/2WUVQQAsWvScEdBVilRYaR,247493,3
75,7lbto9KYTHq5V1PetjIMOF,Silent Night,Train,0.581,0.257,7,-10.079,0,0.0355,0.811,0.0,0.514,0.297,140.007,audio_features,spotify:track:7lbto9KYTHq5V1PetjIMOF,https://api.spotify.com/v1/tracks/7lbto9KYTHq5V1PetjIMOF,https://api.spotify.com/v1/audio-analysis/7lbto9KYTHq5V1PetjIMOF,181144,4
76,6MPpnJDLk37GEIM0iGGITd,One More Sleep,Usher,0.57,0.51,8,-8.148,1,0.057,0.763,0.0,0.285,0.841,76.919,audio_features,spotify:track:6MPpnJDLk37GEIM0iGGITd,https://api.spotify.com/v1/tracks/6MPpnJDLk37GEIM0iGGITd,https://api.spotify.com/v1/audio-analysis/6MPpnJDLk37GEIM0iGGITd,133773,4
77,5MknXpAUgINT11lxoobaJK,What Christmas Means To Me,ROZES,0.505,0.86,2,-6.276,1,0.425,0.198,0.0,0.125,0.576,191.535,audio_features,spotify:track:5MknXpAUgINT11lxoobaJK,https://api.spotify.com/v1/tracks/5MknXpAUgINT11lxoobaJK,https://api.spotify.com/v1/audio-analysis/5MknXpAUgINT11lxoobaJK,199547,4
78,3QIoEi8Enr9uHffwInGIsC,Driving Home for Christmas,Helene Fischer,0.612,0.289,9,-11.568,1,0.0421,0.599,0.00266,0.0561,0.466,183.18,audio_features,spotify:track:3QIoEi8Enr9uHffwInGIsC,https://api.spotify.com/v1/tracks/3QIoEi8Enr9uHffwInGIsC,https://api.spotify.com/v1/audio-analysis/3QIoEi8Enr9uHffwInGIsC,177440,3
79,5SBSN8IJo4kJP3umV27zaY,Oh Santa! (feat. Ariana Grande & Jennifer Hudson),Kelly Clarkson,0.311,0.421,9,-8.958,1,0.0332,0.819,0.0,0.274,0.491,132.854,audio_features,spotify:track:5SBSN8IJo4kJP3umV27zaY,https://api.spotify.com/v1/tracks/5SBSN8IJo4kJP3umV27zaY,https://api.spotify.com/v1/audio-analysis/5SBSN8IJo4kJP3umV27zaY,177520,4
80,3AgiRs3oxc2dFh0CPUHXJs,The Lighthouse Keeper,Sheffield,0.498,0.432,9,-14.386,1,0.0345,0.688,0.0,0.136,0.365,135.015,audio_features,spotify:track:3AgiRs3oxc2dFh0CPUHXJs,https://api.spotify.com/v1/tracks/3AgiRs3oxc2dFh0CPUHXJs,https://api.spotify.com/v1/audio-analysis/3AgiRs3oxc2dFh0CPUHXJs,245333,3
81,6YJdPrH3i2POzu7hdHIRrb,"Baby, It's Cold Outside (feat. Meghan Trainor)",Mel & Kim,0.748,0.778,0,-5.752,1,0.137,0.0501,0.0,0.284,0.777,95.989,audio_features,spotify:track:6YJdPrH3i2POzu7hdHIRrb,https://api.spotify.com/v1/tracks/6YJdPrH3i2POzu7hdHIRrb,https://api.spotify.com/v1/audio-analysis/6YJdPrH3i2POzu7hdHIRrb,170933,4
82,0tXPhc8LvM4dPvoRwI66XQ,Jingle Bell Rock,Christina Aguilera,0.282,0.101,7,-14.657,1,0.0315,0.934,5.05e-05,0.159,0.141,83.13,audio_features,spotify:track:0tXPhc8LvM4dPvoRwI66XQ,https://api.spotify.com/v1/tracks/0tXPhc8LvM4dPvoRwI66XQ,https://api.spotify.com/v1/audio-analysis/0tXPhc8LvM4dPvoRwI66XQ,264827,4
83,4fzyvSu73BhGvi96p2zwjL,Christmas Without You,The Jackson 5,0.312,0.418,7,-9.146,1,0.0296,0.131,0.000679,0.0836,0.237,130.795,audio_features,spotify:track:4fzyvSu73BhGvi96p2zwjL,https://api.spotify.com/v1/tracks/4fzyvSu73BhGvi96p2zwjL,https://api.spotify.com/v1/audio-analysis/4fzyvSu73BhGvi96p2zwjL,242496,4
84,5wTM2Bm8phDwHAuOsfBwhU,Santa Tell Me,Natalie Taylor,0.22,0.708,7,-9.051,1,0.035,0.00292,0.0267,0.102,0.453,66.214,audio_features,spotify:track:5wTM2Bm8phDwHAuOsfBwhU,https://api.spotify.com/v1/tracks/5wTM2Bm8phDwHAuOsfBwhU,https://api.spotify.com/v1/audio-analysis/5wTM2Bm8phDwHAuOsfBwhU,220427,4
85,1F8tXdM8cz9bH5PiK1SuAB,"Merry Christmas, Happy Holidays",Stevie Wonder,0.774,0.508,11,-9.115,1,0.0335,0.288,0.0,0.069,0.773,94.72,audio_features,spotify:track:1F8tXdM8cz9bH5PiK1SuAB,https://api.spotify.com/v1/tracks/1F8tXdM8cz9bH5PiK1SuAB,https://api.spotify.com/v1/audio-analysis/1F8tXdM8cz9bH5PiK1SuAB,225840,4
86,79a2ejVzj2SpXkpWdfv1Co,You and Me and Christmastime,Shakin' Stevens,0.485,0.297,1,-12.332,1,0.0794,0.777,0.0,0.124,0.622,154.639,audio_features,spotify:track:79a2ejVzj2SpXkpWdfv1Co,https://api.spotify.com/v1/tracks/79a2ejVzj2SpXkpWdfv1Co,https://api.spotify.com/v1/audio-analysis/79a2ejVzj2SpXkpWdfv1Co,175987,4
87,3zJw3rugfpVrmBeDDnUYzy,I Wish It Could Be Christmas Everyday,Paul McCartney,0.328,0.607,2,-11.076,1,0.0315,0.318,0.0,0.765,0.395,146.537,audio_features,spotify:track:3zJw3rugfpVrmBeDDnUYzy,https://api.spotify.com/v1/tracks/3zJw3rugfpVrmBeDDnUYzy,https://api.spotify.com/v1/audio-analysis/3zJw3rugfpVrmBeDDnUYzy,213880,3
88,0QPYn15U8IQHKcH2LDfrek,Here Comes Santa Claus (Right Down Santa Claus Lane),Kylie Minogue,0.735,0.645,11,-8.147,0,0.0273,0.277,0.0,0.458,0.881,106.753,audio_features,spotify:track:0QPYn15U8IQHKcH2LDfrek,https://api.spotify.com/v1/tracks/0QPYn15U8IQHKcH2LDfrek,https://api.spotify.com/v1/audio-analysis/0QPYn15U8IQHKcH2LDfrek,266147,4
89,1ADjWm8QNhgNV8yCNNgQ1T,Man With The Bag,Ella Fitzgerald,0.464,0.63,7,-7.337,1,0.182,0.0464,0.0,0.295,0.527,132.96,audio_features,spotify:track:1ADjWm8QNhgNV8yCNNgQ1T,https://api.spotify.com/v1/tracks/1ADjWm8QNhgNV8yCNNgQ1T,https://api.spotify.com/v1/audio-analysis/1ADjWm8QNhgNV8yCNNgQ1T,204093,5
90,6XzpeMXDvLC86GvAfnUsIA,I Need You Christmas,Norah Jones,0.672,0.369,0,-13.081,1,0.0301,0.589,0.0,0.0957,0.863,140.49,audio_features,spotify:track:6XzpeMXDvLC86GvAfnUsIA,https://api.spotify.com/v1/tracks/6XzpeMXDvLC86GvAfnUsIA,https://api.spotify.com/v1/audio-analysis/6XzpeMXDvLC86GvAfnUsIA,133093,4
91,5Q2P43CJra0uRAogjHyJDK,Have Yourself a Merry Little Christmas,Eagles,0.583,0.572,1,-4.776,1,0.0366,0.738,0.0,0.266,0.684,113.998,audio_features,spotify:track:5Q2P43CJra0uRAogjHyJDK,https://api.spotify.com/v1/tracks/5Q2P43CJra0uRAogjHyJDK,https://api.spotify.com/v1/audio-analysis/5Q2P43CJra0uRAogjHyJDK,173560,4
92,7taXf5odg9xCAZERYfyOkS,You Make It Feel Like Christmas (feat. Blake Shelton),Donny Hathaway,0.485,0.857,2,-7.059,1,0.0442,0.534,0.0,0.347,0.963,148.749,audio_features,spotify:track:7taXf5odg9xCAZERYfyOkS,https://api.spotify.com/v1/tracks/7taXf5odg9xCAZERYfyOkS,https://api.spotify.com/v1/audio-analysis/7taXf5odg9xCAZERYfyOkS,182360,4
93,10JBIfvldDR2TnT5sphGc2,Mistletoe and Holly,Chuck Berry,0.492,0.828,0,-2.14,1,0.0662,0.00253,0.0,0.342,0.567,81.409,audio_features,spotify:track:10JBIfvldDR2TnT5sphGc2,https://api.spotify.com/v1/tracks/10JBIfvldDR2TnT5sphGc2,https://api.spotify.com/v1/audio-analysis/10JBIfvldDR2TnT5sphGc2,232213,4
94,0Yeh2VJCsxSgbftSGTiUbN,Do They Know It's Christmas? - 1984 Version,*NSYNC,0.7,0.884,2,-3.988,0,0.177,0.00841,0.0,0.101,0.852,131.977,audio_features,spotify:track:0Yeh2VJCsxSgbftSGTiUbN,https://api.spotify.com/v1/tracks/0Yeh2VJCsxSgbftSGTiUbN,https://api.spotify.com/v1/audio-analysis/0Yeh2VJCsxSgbftSGTiUbN,165333,4
95,32h59T8q2SonUPJ006lyXt,Christmas (Baby Please Come Home),Katy Perry,0.575,0.744,1,-5.466,1,0.0603,0.0687,0.0,0.0723,0.701,183.79,audio_features,spotify:track:32h59T8q2SonUPJ006lyXt,https://api.spotify.com/v1/tracks/32h59T8q2SonUPJ006lyXt,https://api.spotify.com/v1/audio-analysis/32h59T8q2SonUPJ006lyXt,241507,4
96,5aDoUmxBsbdpS16alksb5Z,Christmas Lights,Babyface,0.566,0.246,10,-15.499,1,0.0276,0.813,1.48e-06,0.195,0.412,101.529,audio_features,spotify:track:5aDoUmxBsbdpS16alksb5Z,https://api.spotify.com/v1/tracks/5aDoUmxBsbdpS16alksb5Z,https://api.spotify.com/v1/audio-analysis/5aDoUmxBsbdpS16alksb5Z,165667,4
97,2nMZx7QHerfo4Wv37xNUEC,Fairytale of New York (feat. Kirsty MacColl),Daryl Hall & John Oates,0.54,0.734,7,-4.668,1,0.0366,0.365,0.0,0.132,0.36,123.877,audio_features,spotify:track:2nMZx7QHerfo4Wv37xNUEC,https://api.spotify.com/v1/tracks/2nMZx7QHerfo4Wv37xNUEC,https://api.spotify.com/v1/audio-analysis/2nMZx7QHerfo4Wv37xNUEC,216907,4
98,30WHma5z5Sty54jbtoxYEy,A Holly Jolly Christmas - Single Version,Faith Hill,0.679,0.622,7,-12.837,0,0.0961,0.77,1.34e-05,0.117,0.961,152.027,audio_features,spotify:track:30WHma5z5Sty54jbtoxYEy,https://api.spotify.com/v1/tracks/30WHma5z5Sty54jbtoxYEy,https://api.spotify.com/v1/audio-analysis/30WHma5z5Sty54jbtoxYEy,164573,4
99,2qoZNAP3JLyIOtbsPtBjvV,Merry Christmas Baby,Backstreet Boys,0.478,0.542,5,-10.135,1,0.0367,0.244,0.0,0.0839,0.821,167.486,audio_features,spotify:track:2qoZNAP3JLyIOtbsPtBjvV,https://api.spotify.com/v1/tracks/2qoZNAP3JLyIOtbsPtBjvV,https://api.spotify.com/v1/audio-analysis/2qoZNAP3JLyIOtbsPtBjvV,147227,4
100,1hvpDAxZPKjKztOc72sv06,Run Rudolph Run,Cliff Richard,0.599,0.642,0,-6.936,1,0.0363,0.164,3.33e-05,0.0992,0.349,115.412,audio_features,spotify:track:1hvpDAxZPKjKztOc72sv06,https://api.spotify.com/v1/tracks/1hvpDAxZPKjKztOc72sv06,https://api.spotify.com/v1/audio-analysis/1hvpDAxZPKjKztOc72sv06,222533,4
101,4y69lx0SFFZZrcbyy9sV6n,Before Christmas,Andreas Weise,0.796,0.408,4,-10.629,1,0.0532,0.28,0.0,0.12,0.391,120.084,audio_features,spotify:track:4y69lx0SFFZZrcbyy9sV6n,https://api.spotify.com/v1/tracks/4y69lx0SFFZZrcbyy9sV6n,https://api.spotify.com/v1/audio-analysis/4y69lx0SFFZZrcbyy9sV6n,194087,4
102,1OjmlSFuzYflWjSMTCyTJv,Merry Christmas Everyone - Remastered,Otis Redding,0.725,0.571,1,-6.007,1,0.102,0.0183,0.0,0.0519,0.61,146.035,audio_features,spotify:track:1OjmlSFuzYflWjSMTCyTJv,https://api.spotify.com/v1/tracks/1OjmlSFuzYflWjSMTCyTJv,https://api.spotify.com/v1/audio-analysis/1OjmlSFuzYflWjSMTCyTJv,200880,4
103,3AlpkljBS1AU7HFVPms8K6,Mistletoe and Wine,Band Aid,0.669,0.854,1,-4.486,1,0.0999,0.0205,0.0,0.047,0.707,93.057,audio_features,spotify:track:3AlpkljBS1AU7HFVPms8K6,https://api.spotify.com/v1/tracks/3AlpkljBS1AU7HFVPms8K6,https://api.spotify.com/v1/audio-analysis/3AlpkljBS1AU7HFVPms8K6,206533,4
104,3Xr6kOC4De4Lk41lF9nzTy,Frosty The Snowman,Lindsey Stirling,0.632,0.515,10,-8.444,1,0.0292,0.567,0.0,0.329,0.473,99.936,audio_features,spotify:track:3Xr6kOC4De4Lk41lF9nzTy,https://api.spotify.com/v1/tracks/3Xr6kOC4De4Lk41lF9nzTy,https://api.spotify.com/v1/audio-analysis/3Xr6kOC4De4Lk41lF9nzTy,206787,4
105,2FWKbF1s4s5Z8ZQkyIGNQU,Make It To Christmas,Jennifer Hudson,0.507,0.616,4,-4.746,1,0.0377,0.744,2.98e-06,0.261,0.353,65.372,audio_features,spotify:track:2FWKbF1s4s5Z8ZQkyIGNQU,https://api.spotify.com/v1/tracks/2FWKbF1s4s5Z8ZQkyIGNQU,https://api.spotify.com/v1/audio-analysis/2FWKbF1s4s5Z8ZQkyIGNQU,161093,4
106,25xgW0go6n2VEyiTclAkBK,Naughty List (with Dixie),Wham!,0.764,0.162,5,-10.16,1,0.0488,0.811,0.0,0.121,0.663,148.142,audio_features,spotify:track:25xgW0go6n2VEyiTclAkBK,https://api.spotify.com/v1/tracks/25xgW0go6n2VEyiTclAkBK,https://api.spotify.com/v1/audio-analysis/25xgW0go6n2VEyiTclAkBK,130520,4
107,2Y0ktCGrGoGcQFXsGztvhi,"Holidays (feat. Earth, Wind & Fire)",Leona Lewis,0.619,0.771,9,-2.204,1,0.0601,0.0318,0.0,0.114,0.704,81.966,audio_features,spotify:track:2Y0ktCGrGoGcQFXsGztvhi,https://api.spotify.com/v1/tracks/2Y0ktCGrGoGcQFXsGztvhi,https://api.spotify.com/v1/audio-analysis/2Y0ktCGrGoGcQFXsGztvhi,154747,4
108,1GpPsjjd4D1jsteGYpGGIN,Christmas Time Is Here,Bobby Helms,0.681,0.474,7,-8.623,0,0.0423,0.621,1.24e-06,0.137,0.7,71.957,audio_features,spotify:track:1GpPsjjd4D1jsteGYpGGIN,https://api.spotify.com/v1/tracks/1GpPsjjd4D1jsteGYpGGIN,https://api.spotify.com/v1/audio-analysis/1GpPsjjd4D1jsteGYpGGIN,142840,4
109,1sFWEpf1aPYN576LS1aa4Y,Like It's Christmas,Jamie Cullum,0.172,0.363,10,-11.667,1,0.0343,0.812,0.0,0.113,0.236,174.903,audio_features,spotify:track:1sFWEpf1aPYN576LS1aa4Y,https://api.spotify.com/v1/tracks/1sFWEpf1aPYN576LS1aa4Y,https://api.spotify.com/v1/audio-analysis/1sFWEpf1aPYN576LS1aa4Y,219293,3
110,2K4XbdyLxi9jhqVQeyUKRK,The Christmas Song (Shawn Mendes & Camila Cabello),Camila Cabello,0.437,0.802,2,-5.063,1,0.111,0.0168,0.0,0.086,0.704,178.137,audio_features,spotify:track:2K4XbdyLxi9jhqVQeyUKRK,https://api.spotify.com/v1/tracks/2K4XbdyLxi9jhqVQeyUKRK,https://api.spotify.com/v1/audio-analysis/2K4XbdyLxi9jhqVQeyUKRK,225688,4
111,1sEC3X76vXgpsgnfaXEMwR,Winter Wonderland,Stevie Mackey,0.194,0.296,3,-10.429,1,0.0322,0.741,2.82e-05,0.0862,0.121,91.547,audio_features,spotify:track:1sEC3X76vXgpsgnfaXEMwR,https://api.spotify.com/v1/tracks/1sEC3X76vXgpsgnfaXEMwR,https://api.spotify.com/v1/audio-analysis/1sEC3X76vXgpsgnfaXEMwR,273573,3
